editor,issue_date,price,test,title,url
Jambo,2017-12-04,25.00,"Segunda 04 Dezembro, 2017",P.O.V. – Point of View (Pré-Venda),http://www.comix.com.br/product_info.php?products_id=30796
Jambo,2017-12-04,55.00,"Segunda 04 Dezembro, 2017",Ninjak – Volume 1 (Pré-Venda),http://www.comix.com.br/product_info.php?products_id=30795
Mythos,2017-12-04,34.90,"Segunda 04 Dezembro, 2017",Os devoradores de vidas,http://www.comix.com.br/product_info.php?products_id=30794
Mythos,2017-12-04,69.90,"Segunda 04 Dezembro, 2017",Conan a Lenda e a Invencível Sonja - Vol 2,http://www.comix.com.br/product_info.php?products_id=30793
Mythos,2017-12-04,54.90,"Segunda 04 Dezembro, 2017",Red Sonja e Conan – Sangue Divino (Pré-Venda),http://www.comix.com.br/product_info.php?products_id=30792
Astral Comics,2017-12-04,34.90,"Segunda 04 Dezembro, 2017",Realezas Urbanas (Pré-Venda),http://www.comix.com.br/product_info.php?products_id=30791
Astral Comics,2017-12-04,59.90,"Segunda 04 Dezembro, 2017",Imobiliária Sobrenatural (Pré-Venda),http://www.comix.com.br/product_info.php?products_id=30790
Panini,2017-12-04,28.50,"Segunda 04 Dezembro, 2017",Combo Guerras Secretas Deadpool,http://www.comix.com.br/product_info.php?products_id=30660
Martins Fontes,2017-12-02,39.90,"Sábado 02 Dezembro, 2017",The Witcher Senhora do Lago  Vol 2 (Capa Game),http://www.comix.com.br/product_info.php?products_id=30789
Martins Fontes,2017-12-02,39.90,"Sábado 02 Dezembro, 2017",The Witcher Senhora do Lago Vol 2 (Clássica),http://www.comix.com.br/product_info.php?products_id=30788
NewPOP Editora,2017-12-02,16.00,"Sábado 02 Dezembro, 2017",A Voz do Silêncio vol. 4 (Pré-Venda),http://www.comix.com.br/product_info.php?products_id=30787
NewPOP Editora,2017-12-02,23.90,"Sábado 02 Dezembro, 2017",GTO vol. 4 (Pré-Venda),http://www.comix.com.br/product_info.php?products_id=30786
NewPOP Editora,2017-12-02,26.90,"Sábado 02 Dezembro, 2017",Re:Zero –Livro 02 (Pré-Venda),http://www.comix.com.br/product_info.php?products_id=30785
NewPOP Editora,2017-12-02,24.90,"Sábado 02 Dezembro, 2017",No Game No Life Vol. 09 (Livro) (Pré-Venda),http://www.comix.com.br/product_info.php?products_id=30784
Panini,2017-12-02,9.40,"Sábado 02 Dezembro, 2017",O Espetacular Homem Aranha nº 13 (Nova Revista Mensal) (Pré-Venda),http://www.comix.com.br/product_info.php?products_id=30783
Record,2017-11-29,39.90,"Quarta 29 Novembro, 2017",O Diário de Anne Frank em Quadrinhos,http://www.comix.com.br/product_info.php?products_id=30752
Veneta,2017-11-29,49.90,"Quarta 29 Novembro, 2017",O Livro da Lei: Liber Al Vel Legis,http://www.comix.com.br/product_info.php?products_id=30751
Devir,2017-11-29,56.00,"Quarta 29 Novembro, 2017",The Boys - Volume 6: A Sociedade Da Autopreservação,http://www.comix.com.br/product_info.php?products_id=30750
Devir,2017-11-29,39.90,"Quarta 29 Novembro, 2017",Valdisnei Um Dois Tres Quatro Da Silva,http://www.comix.com.br/product_info.php?products_id=30749
Devir,2017-11-29,68.00,"Quarta 29 Novembro, 2017",Criminosos do Sexo - Vol. 03,http://www.comix.com.br/product_info.php?products_id=30748
Panini,2017-11-29,15.00,"Quarta 29 Novembro, 2017",Super Almanaque da Mônica nº  02,http://www.comix.com.br/product_info.php?products_id=30747
Panini,2017-11-28,125.00,"Terça 28 Novembro, 2017",Multiverso,http://www.comix.com.br/product_info.php?products_id=30746
Panini,2017-11-28,120.00,"Terça 28 Novembro, 2017",Homem Aranha Antologia,http://www.comix.com.br/product_info.php?products_id=30745
Shockdom Editora,2017-11-28,55.00,"Terça 28 Novembro, 2017",Rio 2031,http://www.comix.com.br/product_info.php?products_id=30744
Panini,2017-11-24,18.20,"Sexta 24 Novembro, 2017",Deadpool Extra nº 09 (Nova Serie),http://www.comix.com.br/product_info.php?products_id=30720
Shockdom Editora,2017-11-28,45.00,"Terça 28 Novembro, 2017",Razão vs Emoção,http://www.comix.com.br/product_info.php?products_id=30743
Shockdom Editora,2017-11-28,40.00,"Terça 28 Novembro, 2017",Jovem Adulto,http://www.comix.com.br/product_info.php?products_id=30742
Panini,2017-11-27,110.00,"Segunda 27 Novembro, 2017",Watchmen - Edição Definitiva (Reimpressão),http://www.comix.com.br/product_info.php?products_id=30741
Panini,2017-11-27,79.00,"Segunda 27 Novembro, 2017",Y: O Último Homem - Edição de Luxo Vol. 04,http://www.comix.com.br/product_info.php?products_id=30740
Panini,2017-11-27,50.00,"Segunda 27 Novembro, 2017",Vampiro Americano Vol. 7,http://www.comix.com.br/product_info.php?products_id=30739
Panini,2017-11-27,14.90,"Segunda 27 Novembro, 2017",The Seven Deadly Sins nº 26,http://www.comix.com.br/product_info.php?products_id=30738
Editora Nemo,2017-11-24,49.80,"Sexta 24 Novembro, 2017",Kobane Calling,http://www.comix.com.br/product_info.php?products_id=30719
Panini,2017-11-24,18.20,"Sexta 24 Novembro, 2017",Universo Marvel: Totalmente Diferente Nova Marvel Vol 13,http://www.comix.com.br/product_info.php?products_id=30718
Panini,2017-11-24,9.60,"Sexta 24 Novembro, 2017",Star Wars nº 24,http://www.comix.com.br/product_info.php?products_id=30717
Panini,2017-11-24,8.20,"Sexta 24 Novembro, 2017",Guerras Secretas O Velho Logan nº 16,http://www.comix.com.br/product_info.php?products_id=30716
Panini,2017-11-24,7.20,"Sexta 24 Novembro, 2017",Homem de Ferro nº 11 (Nova Revista Mensal),http://www.comix.com.br/product_info.php?products_id=30715
Panini,2017-11-24,8.70,"Sexta 24 Novembro, 2017",Star Wars nº 23,http://www.comix.com.br/product_info.php?products_id=30714
Panini,2017-11-24,4.50,"Sexta 24 Novembro, 2017",Turma da Mônica nº 31 (Nova Edição),http://www.comix.com.br/product_info.php?products_id=30713
Panini,2017-12-01,25.90,"Sexta 01 Dezembro, 2017",SuperWoman Vol. 1 (Pré-Venda),http://www.comix.com.br/product_info.php?products_id=30767
Panini,2017-11-24,4.50,"Sexta 24 Novembro, 2017",Monica and Friends nº 31,http://www.comix.com.br/product_info.php?products_id=30712
Panini,2017-11-24,4.50,"Sexta 24 Novembro, 2017",Mónica Y Sus Amigos nº 31,http://www.comix.com.br/product_info.php?products_id=30711
Independente,2017-11-24,15.00,"Sexta 24 Novembro, 2017",A Vida Marinha,http://www.comix.com.br/product_info.php?products_id=30710
Independente,2017-11-24,15.00,"Sexta 24 Novembro, 2017",Frauzio: A Sementes da Goiabeira,http://www.comix.com.br/product_info.php?products_id=30709
Independente,2017-11-24,15.00,"Sexta 24 Novembro, 2017",Frauzio: A Flor da pele,http://www.comix.com.br/product_info.php?products_id=30708
Panini,2017-11-23,13.90,"Quinta 23 Novembro, 2017",Akame Ga Kill! nº 11,http://www.comix.com.br/product_info.php?products_id=30707
Panini,2017-11-23,8.90,"Quinta 23 Novembro, 2017",Yo-kai Watch nº 15,http://www.comix.com.br/product_info.php?products_id=30706
Panini,2017-12-01,19.90,"Sexta 01 Dezembro, 2017",Liga da Justiça da América :Especial (Pré-Venda),http://www.comix.com.br/product_info.php?products_id=30766
Mythos,2017-12-01,21.90,"Sexta 01 Dezembro, 2017",Zagor nº 175 (Pré-Venda),http://www.comix.com.br/product_info.php?products_id=30765
Mythos,2017-12-01,29.90,"Sexta 01 Dezembro, 2017",Tex Graphic Novel Vol 02 – Fronteira,http://www.comix.com.br/product_info.php?products_id=30764
Mythos,2017-12-01,29.90,"Sexta 01 Dezembro, 2017",Tex Graphic Novel Vol 04 – Desafio Na Montanha (Pré-Venda),http://www.comix.com.br/product_info.php?products_id=30763
Mythos,2017-12-01,26.90,"Sexta 01 Dezembro, 2017",Tex Anual nº 19 (Pré-Venda),http://www.comix.com.br/product_info.php?products_id=30762
Mythos,2017-12-01,28.90,"Sexta 01 Dezembro, 2017",Tex Platinum nº 12 (Pré-Venda),http://www.comix.com.br/product_info.php?products_id=30761
Mythos,2017-12-01,8.90,"Sexta 01 Dezembro, 2017",Tex nº 577,http://www.comix.com.br/product_info.php?products_id=30760
Jambo,2017-12-04,25.00,"Segunda 04 Dezembro, 2017",P.O.V. – Point of View (Pré-Venda),http://www.comix.com.br/product_info.php?products_id=30796
Jambo,2017-12-04,55.00,"Segunda 04 Dezembro, 2017",Ninjak – Volume 1 (Pré-Venda),http://www.comix.com.br/product_info.php?products_id=30795
JBC,2017-11-30,140.00,"Quinta 30 Novembro, 2017",Box Knights of Sidonia nº 01 ao 08,http://www.comix.com.br/product_info.php?products_id=30759
JBC,2017-11-30,74.50,"Quinta 30 Novembro, 2017",Coleção Orange - Vol. 1 ao 5,http://www.comix.com.br/product_info.php?products_id=30758
JBC,2017-11-30,39.00,"Quinta 30 Novembro, 2017",Death Note: Black Edition How to Read nº 07,http://www.comix.com.br/product_info.php?products_id=30757
JBC,2017-11-30,15.90,"Quinta 30 Novembro, 2017",Saintia Shô nº 07,http://www.comix.com.br/product_info.php?products_id=30756
Devir,2017-11-29,59.00,"Quarta 29 Novembro, 2017",Rugas,http://www.comix.com.br/product_info.php?products_id=30755
Devir,2017-11-29,24.90,"Quarta 29 Novembro, 2017",The Ancient Magus Bride Volume 1,http://www.comix.com.br/product_info.php?products_id=30754
Bertrand,2017-11-29,49.90,"Quarta 29 Novembro, 2017",O Velho e o Mar,http://www.comix.com.br/product_info.php?products_id=30753
Mythos,2017-12-04,34.90,"Segunda 04 Dezembro, 2017",Os devoradores de vidas,http://www.comix.com.br/product_info.php?products_id=30794
Mythos,2017-12-04,69.90,"Segunda 04 Dezembro, 2017",Conan a Lenda e a Invencível Sonja - Vol 2,http://www.comix.com.br/product_info.php?products_id=30793
Mythos,2017-12-04,54.90,"Segunda 04 Dezembro, 2017",Red Sonja e Conan – Sangue Divino (Pré-Venda),http://www.comix.com.br/product_info.php?products_id=30792
Astral Comics,2017-12-04,34.90,"Segunda 04 Dezembro, 2017",Realezas Urbanas (Pré-Venda),http://www.comix.com.br/product_info.php?products_id=30791
Astral Comics,2017-12-04,59.90,"Segunda 04 Dezembro, 2017",Imobiliária Sobrenatural (Pré-Venda),http://www.comix.com.br/product_info.php?products_id=30790
Panini,2017-12-04,28.50,"Segunda 04 Dezembro, 2017",Combo Guerras Secretas Deadpool,http://www.comix.com.br/product_info.php?products_id=30660
Panini,2017-12-02,18.20,"Sábado 02 Dezembro, 2017",Homem Aranha: Aranhaverso nº 18 (Pré-Venda),http://www.comix.com.br/product_info.php?products_id=30782
Panini,2017-12-02,25.90,"Sábado 02 Dezembro, 2017",Deadpool Clássico Vol. 06 (Pré-Venda),http://www.comix.com.br/product_info.php?products_id=30781
Jambo,2017-12-04,25.00,"Segunda 04 Dezembro, 2017",P.O.V. – Point of View (Pré-Venda),http://www.comix.com.br/product_info.php?products_id=30796
Jambo,2017-12-04,55.00,"Segunda 04 Dezembro, 2017",Ninjak – Volume 1 (Pré-Venda),http://www.comix.com.br/product_info.php?products_id=30795
Martins Fontes,2017-12-02,39.90,"Sábado 02 Dezembro, 2017",The Witcher Senhora do Lago  Vol 2 (Capa Game),http://www.comix.com.br/product_info.php?products_id=30789
Martins Fontes,2017-12-02,39.90,"Sábado 02 Dezembro, 2017",The Witcher Senhora do Lago Vol 2 (Clássica),http://www.comix.com.br/product_info.php?products_id=30788
NewPOP Editora,2017-12-02,16.00,"Sábado 02 Dezembro, 2017",A Voz do Silêncio vol. 4 (Pré-Venda),http://www.comix.com.br/product_info.php?products_id=30787
NewPOP Editora,2017-12-02,23.90,"Sábado 02 Dezembro, 2017",GTO vol. 4 (Pré-Venda),http://www.comix.com.br/product_info.php?products_id=30786
NewPOP Editora,2017-12-02,26.90,"Sábado 02 Dezembro, 2017",Re:Zero –Livro 02 (Pré-Venda),http://www.comix.com.br/product_info.php?products_id=30785
NewPOP Editora,2017-12-02,24.90,"Sábado 02 Dezembro, 2017",No Game No Life Vol. 09 (Livro) (Pré-Venda),http://www.comix.com.br/product_info.php?products_id=30784
Panini,2017-12-02,9.40,"Sábado 02 Dezembro, 2017",O Espetacular Homem Aranha nº 13 (Nova Revista Mensal) (Pré-Venda),http://www.comix.com.br/product_info.php?products_id=30783
Panini,2017-12-02,9.40,"Sábado 02 Dezembro, 2017",Guardiões da Galáxia (Totalmente Nova Marvel) nº 012 (Pré-Venda),http://www.comix.com.br/product_info.php?products_id=30780
Panini,2017-12-02,9.90,"Sábado 02 Dezembro, 2017",Batman Grandes Astros:(Renascimento) nº 7 (Pré-Venda),http://www.comix.com.br/product_info.php?products_id=30779
Abril,2017-12-02,59.90,"Sábado 02 Dezembro, 2017",Disney Os Anos de Ouro do Mickey - Lá No Rancho Grande,http://www.comix.com.br/product_info.php?products_id=30778
Abril,2017-12-01,79.90,"Sexta 01 Dezembro, 2017",Tio Patinhas e Pato Donald. Biblioteca Don Rosa. O Tesouro na Bolha de Vidro,http://www.comix.com.br/product_info.php?products_id=30777
Abril,2017-12-01,79.90,"Sexta 01 Dezembro, 2017",Tio Patinhas e Pato Donald Vol 03. Biblioteca Don Rosa.O Último Membro do Clã Ma,http://www.comix.com.br/product_info.php?products_id=30776
Abril,2017-12-01,59.90,"Sexta 01 Dezembro, 2017",Coleção Carl Barks Edição Definitiva Pato Donald:Natal nas Montanhas (Pré-Venda),http://www.comix.com.br/product_info.php?products_id=30775
Panini,2017-12-01,18.90,"Sexta 01 Dezembro, 2017",Pluto Vol.1 (Pré-Venda),http://www.comix.com.br/product_info.php?products_id=30774
Mythos,2017-12-04,34.90,"Segunda 04 Dezembro, 2017",Os devoradores de vidas,http://www.comix.com.br/product_info.php?products_id=30794
Mythos,2017-12-04,69.90,"Segunda 04 Dezembro, 2017",Conan a Lenda e a Invencível Sonja - Vol 2,http://www.comix.com.br/product_info.php?products_id=30793
Mythos,2017-12-04,54.90,"Segunda 04 Dezembro, 2017",Red Sonja e Conan – Sangue Divino (Pré-Venda),http://www.comix.com.br/product_info.php?products_id=30792
Astral Comics,2017-12-04,34.90,"Segunda 04 Dezembro, 2017",Realezas Urbanas (Pré-Venda),http://www.comix.com.br/product_info.php?products_id=30791
Astral Comics,2017-12-04,59.90,"Segunda 04 Dezembro, 2017",Imobiliária Sobrenatural (Pré-Venda),http://www.comix.com.br/product_info.php?products_id=30790
Panini,2017-12-04,28.50,"Segunda 04 Dezembro, 2017",Combo Guerras Secretas Deadpool,http://www.comix.com.br/product_info.php?products_id=30660
Martins Fontes,2017-12-02,39.90,"Sábado 02 Dezembro, 2017",The Witcher Senhora do Lago  Vol 2 (Capa Game),http://www.comix.com.br/product_info.php?products_id=30789
Panini,2017-12-01,92.00,"Sexta 01 Dezembro, 2017",Os Novos Vingadores - O Cerco (Pré-Venda),http://www.comix.com.br/product_info.php?products_id=30773
Panini,2017-12-01,23.90,"Sexta 01 Dezembro, 2017",Future Quest Vol. 2   (Pré-Venda),http://www.comix.com.br/product_info.php?products_id=30772
Panini,2017-12-01,56.00,"Sexta 01 Dezembro, 2017",Starlight (Pré-Venda),http://www.comix.com.br/product_info.php?products_id=30771
Panini,2017-12-01,24.90,"Sexta 01 Dezembro, 2017",Os Flintstones Vol.1 (Pré-Venda),http://www.comix.com.br/product_info.php?products_id=30770
Panini,2017-12-01,120.00,"Sexta 01 Dezembro, 2017",Escalpo – Edição de Luxo  Livro 1 (Pré-Venda),http://www.comix.com.br/product_info.php?products_id=30769
Panini,2017-12-01,14.00,"Sexta 01 Dezembro, 2017",Lanternas Verdes (Renascimento) nº 9 (Pré-Venda),http://www.comix.com.br/product_info.php?products_id=30768
Martins Fontes,2017-12-02,39.90,"Sábado 02 Dezembro, 2017",The Witcher Senhora do Lago Vol 2 (Clássica),http://www.comix.com.br/product_info.php?products_id=30788
NewPOP Editora,2017-12-02,16.00,"Sábado 02 Dezembro, 2017",A Voz do Silêncio vol. 4 (Pré-Venda),http://www.comix.com.br/product_info.php?products_id=30787
NewPOP Editora,2017-12-02,23.90,"Sábado 02 Dezembro, 2017",GTO vol. 4 (Pré-Venda),http://www.comix.com.br/product_info.php?products_id=30786
NewPOP Editora,2017-12-02,26.90,"Sábado 02 Dezembro, 2017",Re:Zero –Livro 02 (Pré-Venda),http://www.comix.com.br/product_info.php?products_id=30785
NewPOP Editora,2017-12-02,24.90,"Sábado 02 Dezembro, 2017",No Game No Life Vol. 09 (Livro) (Pré-Venda),http://www.comix.com.br/product_info.php?products_id=30784
Panini,2017-12-02,9.40,"Sábado 02 Dezembro, 2017",O Espetacular Homem Aranha nº 13 (Nova Revista Mensal) (Pré-Venda),http://www.comix.com.br/product_info.php?products_id=30783
Panini,2017-11-27,28.90,"Segunda 27 Novembro, 2017",Pantera Negra: Uma Nação Sob Nossos Pés – Livro Dois,http://www.comix.com.br/product_info.php?products_id=30737
Panini,2017-11-27,26.90,"Segunda 27 Novembro, 2017",Hora de Aventura: Edição Matemática Vol. 5,http://www.comix.com.br/product_info.php?products_id=30736
Panini,2017-11-27,39.90,"Segunda 27 Novembro, 2017",Turma da Mônica Jovem Em Cores - Cebola o Grande Premio,http://www.comix.com.br/product_info.php?products_id=30735
Panini,2017-11-27,29.90,"Segunda 27 Novembro, 2017",Xampu Vol 03,http://www.comix.com.br/product_info.php?products_id=30734
JBC,2017-11-27,15.90,"Segunda 27 Novembro, 2017",UQ Holder nº 10,http://www.comix.com.br/product_info.php?products_id=30733
JBC,2017-11-27,14.90,"Segunda 27 Novembro, 2017",Fort of Apocalypse nº 09,http://www.comix.com.br/product_info.php?products_id=30732
Panini,2017-11-27,8.50,"Segunda 27 Novembro, 2017",Chico Bento Moço nº 51 (Pré-Venda),http://www.comix.com.br/product_info.php?products_id=30730
Panini,2017-11-27,99.90,"Segunda 27 Novembro, 2017",Combo Guerra Civil Em 07 Partes,http://www.comix.com.br/product_info.php?products_id=30729
Panini,2017-11-27,99.90,"Segunda 27 Novembro, 2017",Combo Eternos,http://www.comix.com.br/product_info.php?products_id=30728
Panini,2017-11-27,69.90,"Segunda 27 Novembro, 2017",Combo 1602,http://www.comix.com.br/product_info.php?products_id=30727
Editora Mino,2017-11-24,84.90,"Sexta 24 Novembro, 2017",Labirinto,http://www.comix.com.br/product_info.php?products_id=30725
Editora Mino,2017-11-24,52.00,"Sexta 24 Novembro, 2017",Porco Pirata,http://www.comix.com.br/product_info.php?products_id=30724
Editora Mino,2017-11-24,41.90,"Sexta 24 Novembro, 2017",Market Garden,http://www.comix.com.br/product_info.php?products_id=30723
Draco,2017-11-24,49.90,"Sexta 24 Novembro, 2017",Demônios da Goetia em quadrinhos,http://www.comix.com.br/product_info.php?products_id=30722
Panini,2017-11-24,7.20,"Sexta 24 Novembro, 2017",Deadpool nº 13 (Nova Revista Mensal),http://www.comix.com.br/product_info.php?products_id=30721
Panini,2017-11-23,13.00,"Quinta 23 Novembro, 2017",Guerra Civil II VOL 02,http://www.comix.com.br/product_info.php?products_id=30705
Panini,2017-11-23,19.90,"Quinta 23 Novembro, 2017",Exterminador (Renascimento) nº 2,http://www.comix.com.br/product_info.php?products_id=30704
Panini,2017-11-23,13.90,"Quinta 23 Novembro, 2017",Assassination Classroom nº 21 (Final),http://www.comix.com.br/product_info.php?products_id=30703
Panini,2017-11-23,26.90,"Quinta 23 Novembro, 2017",Batman Arkham Knight nº 03 (Pré-Venda),http://www.comix.com.br/product_info.php?products_id=30702
Panini,2017-11-23,19.90,"Quinta 23 Novembro, 2017",Arqueiro Verde (Renascimento) nº 3 (Pré-Venda),http://www.comix.com.br/product_info.php?products_id=30701
Panini,2017-11-23,22.90,"Quinta 23 Novembro, 2017",Aquaman (Renascimento) nº 3 (Pré-Venda),http://www.comix.com.br/product_info.php?products_id=30700
Marsupial Editora,2017-11-23,36.00,"Quinta 23 Novembro, 2017",Coelho Nero – Reclame aqui (Pré-Venda),http://www.comix.com.br/product_info.php?products_id=30699
Marsupial Editora,2017-11-23,52.00,"Quinta 23 Novembro, 2017",Kong the King (Pré-Venda),http://www.comix.com.br/product_info.php?products_id=30698
Marsupial Editora,2017-11-23,38.00,"Quinta 23 Novembro, 2017",Matei meu pai e foi estranho (Pré-Venda),http://www.comix.com.br/product_info.php?products_id=30697
Marsupial Editora,2017-11-23,52.00,"Quinta 23 Novembro, 2017",Olimpo Tropical  (Pré-Venda),http://www.comix.com.br/product_info.php?products_id=30696
Editora Noir,2017-11-23,49.90,"Quinta 23 Novembro, 2017",Baú de Gibis – Memórias dos quadrinhos no Brasil (Pré-Venda),http://www.comix.com.br/product_info.php?products_id=30695
Editora Nemo,2017-11-22,54.90,"Quarta 22 Novembro, 2017",Ghost World: Edição Especial 20 anos,http://www.comix.com.br/product_info.php?products_id=30694
Panini,2017-11-22,31.90,"Quarta 22 Novembro, 2017",Graphic MSP - Turma da Mônica - Lembranças (Capa Brochura)(Pré-Venda),http://www.comix.com.br/product_info.php?products_id=30693
Panini,2017-11-22,41.90,"Quarta 22 Novembro, 2017",Graphic MSP - Turma da Mônica - Lembranças (Capa Dura)(Pré-Venda),http://www.comix.com.br/product_info.php?products_id=30692
Panini,2017-11-22,130.00,"Quarta 22 Novembro, 2017",ZDM Vol.7 (Pré-Venda),http://www.comix.com.br/product_info.php?products_id=30691
Abril,2017-11-14,69.90,"Terça 14 Novembro, 2017",Disney Pateta Faz História: Isaac Newton (Pré-Venda),http://www.comix.com.br/product_info.php?products_id=30617
Panini,2017-11-13,13.90,"Segunda 13 Novembro, 2017",Noragami nº 9 (Pré-Venda),http://www.comix.com.br/product_info.php?products_id=30616
Panini,2017-11-13,17.90,"Segunda 13 Novembro, 2017",One-Punch Man nº 11 (Pré-Venda),http://www.comix.com.br/product_info.php?products_id=30615
Panini,2017-11-13,18.90,"Segunda 13 Novembro, 2017",Novo Lobo Solitário nº 05  (Pré-Venda),http://www.comix.com.br/product_info.php?products_id=30614
Zarabatana Books,2017-11-13,48.00,"Segunda 13 Novembro, 2017",Pyongyang:Uma Viagem à Coréia do Norte 4ª edição,http://www.comix.com.br/product_info.php?products_id=30613
Zarabatana Books,2017-11-13,50.00,"Segunda 13 Novembro, 2017",A Vida de Jonas 2ª edição,http://www.comix.com.br/product_info.php?products_id=30612
Panini,2017-11-13,16.90,"Segunda 13 Novembro, 2017",Berserk (Nova Edição) nº 007,http://www.comix.com.br/product_info.php?products_id=30611
SESI-SP Editora,2017-11-10,49.00,"Sexta 10 Novembro, 2017",Blacksad Arctic Nation - Volume 2,http://www.comix.com.br/product_info.php?products_id=30610
SESI-SP Editora,2017-11-10,32.00,"Sexta 10 Novembro, 2017",Sobrenatural Social Clube nº 03,http://www.comix.com.br/product_info.php?products_id=30609
Editora Noir,2017-11-10,34.90,"Sexta 10 Novembro, 2017",Zózimo Barbosa,http://www.comix.com.br/product_info.php?products_id=30608
JBC,2017-11-10,17.50,"Sexta 10 Novembro, 2017",Knights of Sidonia nº 13,http://www.comix.com.br/product_info.php?products_id=30603
JBC,2017-11-10,39.90,"Sexta 10 Novembro, 2017",Blade - A Lâmina do Imortal nº 12 (Nova Edição),http://www.comix.com.br/product_info.php?products_id=30602
JBC,2017-11-10,15.90,"Sexta 10 Novembro, 2017",Savanna Game - Segunda Temporada nº 005,http://www.comix.com.br/product_info.php?products_id=30601
JBC,2017-11-10,14.90,"Sexta 10 Novembro, 2017",Magi - O Labirinto da Magia nº 30,http://www.comix.com.br/product_info.php?products_id=30600
JBC,2017-11-10,16.90,"Sexta 10 Novembro, 2017",FullMetal Alchemist Especial  (Nova Edição) nº 15,http://www.comix.com.br/product_info.php?products_id=30599
Panini,2017-11-16,13.90,"Quinta 16 Novembro, 2017",Mob Psycho 100 nº 01 (Pré-Venda),http://www.comix.com.br/product_info.php?products_id=30652
Panini,2017-11-16,13.90,"Quinta 16 Novembro, 2017",Rock Lee nº 02 (Pré-Venda),http://www.comix.com.br/product_info.php?products_id=30651
Panini,2017-11-16,13.90,"Quinta 16 Novembro, 2017",Opus nº 02 (Pré-Venda),http://www.comix.com.br/product_info.php?products_id=30650
Panini,2017-11-16,13.90,"Quinta 16 Novembro, 2017",Last Notes nº 03  (Final)(Pré-Venda),http://www.comix.com.br/product_info.php?products_id=30649
Parábola,2017-11-16,13.90,"Quinta 16 Novembro, 2017",Dr. Slump nº 03(Nova Edição)(Pré-Venda),http://www.comix.com.br/product_info.php?products_id=30648
Panini,2017-11-16,16.90,"Quinta 16 Novembro, 2017",Bestiarius Vol 05 (Pré-Venda),http://www.comix.com.br/product_info.php?products_id=30647
Panini,2017-11-16,13.90,"Quinta 16 Novembro, 2017",Nisekoi Vol. 6 (Pré-Venda),http://www.comix.com.br/product_info.php?products_id=30646
Panini,2017-11-16,13.90,"Quinta 16 Novembro, 2017",Ataque dos Titãs - Antes da Queda nº 11 (Pré-Venda),http://www.comix.com.br/product_info.php?products_id=30645
Panini,2017-11-16,18.90,"Quinta 16 Novembro, 2017",Vagabond nº 22 (Nova Edição)(Pré-Venda),http://www.comix.com.br/product_info.php?products_id=30641
Panini,2017-11-16,17.90,"Quinta 16 Novembro, 2017",Naruto Gold nº 29 (Pré-Venda),http://www.comix.com.br/product_info.php?products_id=30640
Panini,2017-11-16,13.50,"Quinta 16 Novembro, 2017",One Piece (Nova Edição) nº 073 (Pré-Venda),http://www.comix.com.br/product_info.php?products_id=30639
Panini,2017-11-16,13.90,"Quinta 16 Novembro, 2017",Bleach nº 74 (Pré-Venda),http://www.comix.com.br/product_info.php?products_id=30638
Panini,2017-11-16,9.40,"Quinta 16 Novembro, 2017",Os Vingadores nº 13 (Nova Revista Mensal)PRÉ-VENDA,http://www.comix.com.br/product_info.php?products_id=30637
Panini,2017-11-16,18.20,"Quinta 16 Novembro, 2017",Avante Vingadores (NOVA SÉRIE) nº 12 (Pré-Venda),http://www.comix.com.br/product_info.php?products_id=30636
Panini,2017-11-16,13.00,"Quinta 16 Novembro, 2017",Guerra Civil II VOL 03 (Pré-Venda),http://www.comix.com.br/product_info.php?products_id=30635
Independente,2017-11-10,7.00,"Sexta 10 Novembro, 2017",Roomates,http://www.comix.com.br/product_info.php?products_id=30581
Editora Todavia,2017-11-10,29.90,"Sexta 10 Novembro, 2017",O Livro dos Coelhos Suicidas,http://www.comix.com.br/product_info.php?products_id=30580
Editora Todavia,2017-11-10,84.90,"Sexta 10 Novembro, 2017",Baiacu,http://www.comix.com.br/product_info.php?products_id=30579
JBC,2017-11-08,64.90,"Quarta 08 Novembro, 2017",Ghost in the Shell  Vol 02 (Pré-Venda),http://www.comix.com.br/product_info.php?products_id=30578
Marsupial Editora,2017-11-08,32.00,"Quarta 08 Novembro, 2017",In The Flowers  (Pré-Venda),http://www.comix.com.br/product_info.php?products_id=30577
Marsupial Editora,2017-11-08,32.00,"Quarta 08 Novembro, 2017",Desastres Ambulantes (Pré-Venda),http://www.comix.com.br/product_info.php?products_id=30576
Marsupial Editora,2017-11-08,45.00,"Quarta 08 Novembro, 2017",Uma Estrela na Escuridão (Pré-Venda),http://www.comix.com.br/product_info.php?products_id=30575
Marsupial Editora,2017-11-08,36.00,"Quarta 08 Novembro, 2017",O Sinal (Pré-Venda),http://www.comix.com.br/product_info.php?products_id=30574
Marsupial Editora,2017-11-08,58.00,"Quarta 08 Novembro, 2017",Monstruário - Volume 1 (Pré-Venda),http://www.comix.com.br/product_info.php?products_id=30573
Marsupial Editora,2017-11-08,40.00,"Quarta 08 Novembro, 2017",De Volta a Solemnia (Pré-Venda),http://www.comix.com.br/product_info.php?products_id=30572
,2017-11-08,7.50,"Quarta 08 Novembro, 2017",Batman (Renascimento) nº 8,http://www.comix.com.br/product_info.php?products_id=30571
Panini,2017-11-08,7.50,"Quarta 08 Novembro, 2017",Superman (Renascimento) nº 8,http://www.comix.com.br/product_info.php?products_id=30570
Panini,2017-11-08,7.50,"Quarta 08 Novembro, 2017",Batman-Detective Comics (Renascimento) nº 8,http://www.comix.com.br/product_info.php?products_id=30569
Panini,2017-11-08,14.00,"Quarta 08 Novembro, 2017",Lanternas Verdes (Renascimento) nº 8,http://www.comix.com.br/product_info.php?products_id=30568
Panini,2017-11-08,7.50,"Quarta 08 Novembro, 2017",Jovens Titãs (Renascimento) nº 5,http://www.comix.com.br/product_info.php?products_id=30567
JBC,2017-11-18,64.90,"Sábado 18 Novembro, 2017",Cavaleiros do Zodíaco Kanzenban Vol.06 Edição Definitiva,http://www.comix.com.br/product_info.php?products_id=30687
JBC,2017-11-18,14.90,"Sábado 18 Novembro, 2017",My Hero Academia nº 07,http://www.comix.com.br/product_info.php?products_id=30686
JBC,2017-11-18,39.90,"Sábado 18 Novembro, 2017",Battle Angel Alita nº 01,http://www.comix.com.br/product_info.php?products_id=30685
JBC,2017-11-18,15.90,"Sábado 18 Novembro, 2017",Coin Laundry Lady volume único,http://www.comix.com.br/product_info.php?products_id=30684
JBC,2017-11-18,16.90,"Sábado 18 Novembro, 2017",Samurai 7 nº 02,http://www.comix.com.br/product_info.php?products_id=30683
Devir,2017-11-18,96.00,"Sábado 18 Novembro, 2017",Klaus,http://www.comix.com.br/product_info.php?products_id=30682
Panini,2017-11-17,9.90,"Sexta 17 Novembro, 2017",Batman Grandes Astros:(Renascimento) nº 6 (Pré-Venda),http://www.comix.com.br/product_info.php?products_id=30681
Panini,2017-11-17,7.50,"Sexta 17 Novembro, 2017",Action Comics Superman (Renascimento) nº 8,http://www.comix.com.br/product_info.php?products_id=30680
JBC,2017-11-10,14.90,"Sexta 10 Novembro, 2017",Fort of Apocalypse nº 08,http://www.comix.com.br/product_info.php?products_id=30598
Panini,2017-11-10,28.90,"Sexta 10 Novembro, 2017",Thanos: Final Infinito,http://www.comix.com.br/product_info.php?products_id=30596
Panini,2017-11-17,15.00,"Sexta 17 Novembro, 2017",Liga da Justiça Vs. Esquadrão Suicida (Renascimento) nº 02(Pré-Venda),http://www.comix.com.br/product_info.php?products_id=30679
Editora Mino,2017-11-17,79.90,"Sexta 17 Novembro, 2017",Formigueiro (Pré-Venda),http://www.comix.com.br/product_info.php?products_id=30676
Panini,2017-11-17,23.90,"Sexta 17 Novembro, 2017",O Xerife Da Babilonia: Pow. Pow. Pow. Vol 02 (Pré-Venda),http://www.comix.com.br/product_info.php?products_id=30673
Panini,2017-11-17,23.90,"Sexta 17 Novembro, 2017",Sala Imaculada (Pré-Venda),http://www.comix.com.br/product_info.php?products_id=30672
Panini,2017-11-17,29.90,"Sexta 17 Novembro, 2017",Homem-Animal: Praga Vermelha (Pré-Venda),http://www.comix.com.br/product_info.php?products_id=30671
Mythos,2017-11-16,84.90,"Quinta 16 Novembro, 2017",Red Skin - Bem-Vinda à América,http://www.comix.com.br/product_info.php?products_id=30670
Editora Mino,2017-11-16,79.90,"Quinta 16 Novembro, 2017",O que Havia na Caixa de Sam Dora? E Outras Histórias,http://www.comix.com.br/product_info.php?products_id=30669
Panini,2017-11-10,95.00,"Sexta 10 Novembro, 2017",Demolidor - Decálogo,http://www.comix.com.br/product_info.php?products_id=30595
Panini,2017-11-10,28.90,"Sexta 10 Novembro, 2017",Novos Vingadores - Mundos Paralelos,http://www.comix.com.br/product_info.php?products_id=30594
Mythos,2017-11-10,89.90,"Sexta 10 Novembro, 2017",Conan - A Estrada dos Reis (Pré-Venda),http://www.comix.com.br/product_info.php?products_id=30593
Mythos,2017-11-10,64.90,"Sexta 10 Novembro, 2017",Verão Negro,http://www.comix.com.br/product_info.php?products_id=30591
Mythos,2017-11-10,8.90,"Sexta 10 Novembro, 2017",Tex nº 576,http://www.comix.com.br/product_info.php?products_id=30590
Mythos,2017-11-10,29.90,"Sexta 10 Novembro, 2017",Tex Em Cores Nº 34,http://www.comix.com.br/product_info.php?products_id=30589
Mythos,2017-11-10,27.90,"Sexta 10 Novembro, 2017",Tex - Edição Histórica nº 102,http://www.comix.com.br/product_info.php?products_id=30588
Pixel Art Book,2017-11-15,39.90,"Quarta 15 Novembro, 2017","Coleção HQs Classicas O Fantasma Vai a Guerra,O Tesouro do Fantasma E Suzie Box ",http://www.comix.com.br/product_info.php?products_id=30633
Mythos,2017-11-10,9.90,"Sexta 10 Novembro, 2017",Tex Coleção nº 440,http://www.comix.com.br/product_info.php?products_id=30587
Mythos,2017-11-10,23.90,"Sexta 10 Novembro, 2017",J. Kendall - Aventuras de uma Criminóloga nº 131,http://www.comix.com.br/product_info.php?products_id=30586
Independente,2017-11-10,15.00,"Sexta 10 Novembro, 2017",Noite Feliz - o gorro,http://www.comix.com.br/product_info.php?products_id=30585
Independente,2017-11-10,20.00,"Sexta 10 Novembro, 2017",1917 Revolução Russa Em Quadrinhos,http://www.comix.com.br/product_info.php?products_id=30584
Independente,2017-11-10,15.00,"Sexta 10 Novembro, 2017",Mestre do Terror nº 67,http://www.comix.com.br/product_info.php?products_id=30583
Independente,2017-11-10,18.00,"Sexta 10 Novembro, 2017",Anexia é Um Paraíso,http://www.comix.com.br/product_info.php?products_id=30582
Coquetel,2017-11-15,12.90,"Quarta 15 Novembro, 2017","A Bela e a Fera - Para Desenhar, Colorir e Se Divertir",http://www.comix.com.br/product_info.php?products_id=30632
Pixel Art Book,2017-11-15,49.90,"Quarta 15 Novembro, 2017",Mass Effect andrômeda:Insurreição na Nexus,http://www.comix.com.br/product_info.php?products_id=30631
Pixel Art Book,2017-11-15,39.90,"Quarta 15 Novembro, 2017",O Mundo Do Batman,http://www.comix.com.br/product_info.php?products_id=30630
Pixel Art Book,2017-11-15,39.90,"Quarta 15 Novembro, 2017",Marvel O Mundo Do Homem Aranha,http://www.comix.com.br/product_info.php?products_id=30629
Pixel Art Book,2017-11-15,39.90,"Quarta 15 Novembro, 2017",O Mundo da Mulher Maravilha,http://www.comix.com.br/product_info.php?products_id=30628
Pixel Art Book,2017-11-15,29.90,"Quarta 15 Novembro, 2017",Carros 3 - A Historia Do Filme Em Quadrinhos,http://www.comix.com.br/product_info.php?products_id=30627
Panini,2017-11-15,39.90,"Quarta 15 Novembro, 2017",Álbum de Figurinhas Dragon Ball Z (Capa Dura) + 20 Figurinhas Avulsas,http://www.comix.com.br/product_info.php?products_id=30626
Coquetel,2017-11-15,14.90,"Quarta 15 Novembro, 2017","Mulher Maravilha - Coleção Crie, Pinte e Rabisque",http://www.comix.com.br/product_info.php?products_id=30625
Pixel Art Book,2017-11-15,44.90,"Quarta 15 Novembro, 2017",Tudo Sobre the Walking Dead (Livro),http://www.comix.com.br/product_info.php?products_id=30624
Pixel Art Book,2017-11-15,99.90,"Quarta 15 Novembro, 2017",Flash Gordon – O Tirano de Mongo (Pré-Venda),http://www.comix.com.br/product_info.php?products_id=30623
Pixel Art Book,2017-11-15,49.90,"Quarta 15 Novembro, 2017",Monstress – Despertar (Pré-Venda),http://www.comix.com.br/product_info.php?products_id=30622
Pipoca & Nanquim,2017-11-14,54.90,"Terça 14 Novembro, 2017",Um Pequeno Assassinato,http://www.comix.com.br/product_info.php?products_id=30621
Abril,2017-11-14,59.90,"Terça 14 Novembro, 2017",Disney  Os Anos de Ouro do Mickey - Na Idade da Pedra (Pré-Venda),http://www.comix.com.br/product_info.php?products_id=30620
Abril,2017-11-14,39.90,"Terça 14 Novembro, 2017",Manual Disney da Televisão (Pré-Venda),http://www.comix.com.br/product_info.php?products_id=30618
Mythos,2017-11-16,69.90,"Quinta 16 Novembro, 2017",Zumbis VS. Robôs,http://www.comix.com.br/product_info.php?products_id=30668
Mythos,2017-11-16,32.90,"Quinta 16 Novembro, 2017",Zagor Especial nº 59,http://www.comix.com.br/product_info.php?products_id=30667
Mythos,2017-11-16,23.90,"Quinta 16 Novembro, 2017",Tex - Edição de Ouro nº 93,http://www.comix.com.br/product_info.php?products_id=30666
Mythos,2017-11-16,9.90,"Quinta 16 Novembro, 2017",Tex Coleção nº 441,http://www.comix.com.br/product_info.php?products_id=30665
Panini,2017-11-16,30.00,"Quinta 16 Novembro, 2017",Combo Guerras Secretas Hulk,http://www.comix.com.br/product_info.php?products_id=30664
Sampa,2017-11-16,75.00,"Quinta 16 Novembro, 2017",Combo Um Sábado Qualquer (3 Livros),http://www.comix.com.br/product_info.php?products_id=30663
Panini,2017-11-16,82.90,"Quinta 16 Novembro, 2017",Combo Guerras Secretas Especiais Vol 02,http://www.comix.com.br/product_info.php?products_id=30662
Panini,2017-11-16,95.70,"Quinta 16 Novembro, 2017",Combo Guerras Secretas Especiais Vol 01,http://www.comix.com.br/product_info.php?products_id=30661
Panini,2017-11-16,23.70,"Quinta 16 Novembro, 2017",Combo Guerras Secretas O Velho Logan n° 01 ao 04,http://www.comix.com.br/product_info.php?products_id=30659
Panini,2017-11-16,53.40,"Quinta 16 Novembro, 2017",Combo Guerras Secretas Os Vingadores  n° 01 ao 04,http://www.comix.com.br/product_info.php?products_id=30658
Panini,2017-11-16,58.00,"Quinta 16 Novembro, 2017",Combo Guerras Secretas Homem Aranha nº 01 ao 04,http://www.comix.com.br/product_info.php?products_id=30657
Panini,2017-11-16,53.00,"Quinta 16 Novembro, 2017",Combo Guerras Secretas Guardiões da Galaxia n° 01 ao 04,http://www.comix.com.br/product_info.php?products_id=30656
Panini,2017-11-16,80.40,"Quinta 16 Novembro, 2017",Combo Guerras Secretas X-Men nº 01 ao 06,http://www.comix.com.br/product_info.php?products_id=30655
Panini,2017-11-16,13.90,"Quinta 16 Novembro, 2017",Tokyo Ghoul Re n° 01 (Pré-Venda),http://www.comix.com.br/product_info.php?products_id=30654
Panini,2017-11-16,13.90,"Quinta 16 Novembro, 2017",Monster x Monster nº 01 (Pré-Venda),http://www.comix.com.br/product_info.php?products_id=30653
Panini,2017-11-08,25.90,"Quarta 08 Novembro, 2017",Batman: Lendas do Cavaleiro das Trevas – Don Newton Vol. 02 (Pré-Venda),http://www.comix.com.br/product_info.php?products_id=30566
Panini,2017-11-08,21.90,"Quarta 08 Novembro, 2017",Cyborg (Renascimento) nº 1,http://www.comix.com.br/product_info.php?products_id=30565
Panini,2017-11-08,7.20,"Quarta 08 Novembro, 2017",Doutor Estranho nº 11,http://www.comix.com.br/product_info.php?products_id=30564
Panini,2017-11-08,15.00,"Quarta 08 Novembro, 2017",Guerra Civil II Vol 01,http://www.comix.com.br/product_info.php?products_id=30563
Panini,2017-11-08,28.90,"Quarta 08 Novembro, 2017",Loki: Agentes De Asgard,http://www.comix.com.br/product_info.php?products_id=30562
Panini,2017-11-08,38.90,"Quarta 08 Novembro, 2017",Livro Clássicos do Cinema Coelhadas Nas Estrelas,http://www.comix.com.br/product_info.php?products_id=30561
Panini,2017-11-08,32.90,"Quarta 08 Novembro, 2017",Liga da Justiça da América :Os Mais Perigosos Do Mundo,http://www.comix.com.br/product_info.php?products_id=30560
Panini,2017-11-08,9.90,"Quarta 08 Novembro, 2017",Berserk nº 77,http://www.comix.com.br/product_info.php?products_id=30559
Panini,2017-11-08,13.90,"Quarta 08 Novembro, 2017",Pandora Hearts n°10,http://www.comix.com.br/product_info.php?products_id=30558
Panini,2017-11-08,13.90,"Quarta 08 Novembro, 2017",Lovely Complex nº 11,http://www.comix.com.br/product_info.php?products_id=30557
Panini,2017-11-08,13.90,"Quarta 08 Novembro, 2017",Toriko nº 28,http://www.comix.com.br/product_info.php?products_id=30556
Panini,2017-11-08,13.90,"Quarta 08 Novembro, 2017",Jaco Patrulheiro Galáctico nº 0 1,http://www.comix.com.br/product_info.php?products_id=30555
Panini,2017-11-08,18.90,"Quarta 08 Novembro, 2017",Lobo Solitário nº 05 (Edição Definitiva),http://www.comix.com.br/product_info.php?products_id=30554
Zarabatana Books,2017-11-08,92.00,"Quarta 08 Novembro, 2017",A Herança Becker (Capa Dura)(Pré-Venda),http://www.comix.com.br/product_info.php?products_id=30551
Zarabatana Books,2017-11-08,76.00,"Quarta 08 Novembro, 2017",A Herança Becker (Capa Brochura)(Pré-Venda),http://www.comix.com.br/product_info.php?products_id=30550
Zarabatana Books,2017-11-08,48.00,"Quarta 08 Novembro, 2017",Macanudo 9 (Pré-Venda),http://www.comix.com.br/product_info.php?products_id=30549
Abril,2017-11-08,4.50,"Quarta 08 Novembro, 2017",Mickey nº 896,http://www.comix.com.br/product_info.php?products_id=30548
Shockdom Editora,2017-11-07,55.00,"Terça 07 Novembro, 2017",Vidas de Papel (Pré-Venda),http://www.comix.com.br/product_info.php?products_id=30547
Shockdom Editora,2017-11-07,45.00,"Terça 07 Novembro, 2017","Rindo, mas não deveria (Pré-Venda)",http://www.comix.com.br/product_info.php?products_id=30546
Shockdom Editora,2017-11-07,55.00,"Terça 07 Novembro, 2017",O Canto das Ondas (Pré-Venda),http://www.comix.com.br/product_info.php?products_id=30545
JBC,2017-11-07,599.90,"Terça 07 Novembro, 2017",Coleção Soul Eater,http://www.comix.com.br/product_info.php?products_id=30541
Devir,2017-11-07,145.00,"Terça 07 Novembro, 2017",A Liga Extraordinária – Dossiê Negro – Edição Luxo Limitada,http://www.comix.com.br/product_info.php?products_id=30540
Panini,2017-11-07,13.00,"Terça 07 Novembro, 2017",Inuyashiki nº 04 (Pré-Venda),http://www.comix.com.br/product_info.php?products_id=30535
Darkside,2017-11-06,49.90,"Segunda 06 Novembro, 2017",Creepshow (Capa dura),http://www.comix.com.br/product_info.php?products_id=30531
NewPOP Editora,2017-11-06,14.00,"Segunda 06 Novembro, 2017",Corpse Party: Another Child nº 03,http://www.comix.com.br/product_info.php?products_id=30530
Novo Século,2017-11-06,39.90,"Segunda 06 Novembro, 2017",Até o Fim,http://www.comix.com.br/product_info.php?products_id=30529
Veneta,2017-11-06,89.90,"Segunda 06 Novembro, 2017",Diastrofismo Humano,http://www.comix.com.br/product_info.php?products_id=30528
Novo Século,2017-11-06,39.90,"Segunda 06 Novembro, 2017",De Volta Para o Futuro,http://www.comix.com.br/product_info.php?products_id=30527
Novo Século,2017-11-06,39.90,"Segunda 06 Novembro, 2017",Amor é amor,http://www.comix.com.br/product_info.php?products_id=30526
Veneta,2017-11-06,89.90,"Segunda 06 Novembro, 2017",Angola Janga - Uma história de Palmares,http://www.comix.com.br/product_info.php?products_id=30525
Panini,2017-11-01,36.00,"Quarta 01 Novembro, 2017",The Walking Dead nº 01 Dias Passados (Panini)(Pré-Venda),http://www.comix.com.br/product_info.php?products_id=30524
Panini,2017-11-01,13.90,"Quarta 01 Novembro, 2017",Turma da Mônica Jovem Vol.06 Primeira Série(Pré-Venda),http://www.comix.com.br/product_info.php?products_id=30523
Panini,2017-11-01,110.00,"Quarta 01 Novembro, 2017",Justiça Edição Definitiva,http://www.comix.com.br/product_info.php?products_id=30522
Panini,2017-11-01,25.90,"Quarta 01 Novembro, 2017",Batman: Lendas do Cavaleiro das Trevas – Don Newton Vol. 01,http://www.comix.com.br/product_info.php?products_id=30521
Panini,2017-11-01,25.90,"Quarta 01 Novembro, 2017",Coleção Marvel Terror: A Tumba do Drácula Nº 05,http://www.comix.com.br/product_info.php?products_id=30520
Panini,2017-11-01,7.50,"Quarta 01 Novembro, 2017",Mulher Maravilha (Renascimento) nº 7,http://www.comix.com.br/product_info.php?products_id=30519
Panini,2017-11-01,9.40,"Quarta 01 Novembro, 2017",X-Men nº 10 (Nova Revista Mensal),http://www.comix.com.br/product_info.php?products_id=30518
Panini,2017-11-01,7.20,"Quarta 01 Novembro, 2017",Homem Aranha & Deadpool nº9,http://www.comix.com.br/product_info.php?products_id=30517
Panini,2017-11-01,15.00,"Quarta 01 Novembro, 2017",Liga da Justiça Vs. Esquadrão Suicida (Renascimento) nº 01,http://www.comix.com.br/product_info.php?products_id=30516
Panini,2017-11-01,8.70,"Quarta 01 Novembro, 2017",Star Wars nº 22,http://www.comix.com.br/product_info.php?products_id=30515
Panini,2017-11-01,18.90,"Quarta 01 Novembro, 2017",Witches nº 01,http://www.comix.com.br/product_info.php?products_id=30514
Panini,2017-11-01,17.90,"Quarta 01 Novembro, 2017",Slam Dunk (Nova Edição) nº 07,http://www.comix.com.br/product_info.php?products_id=30513
Panini,2017-11-01,17.90,"Quarta 01 Novembro, 2017",Berserk (Nova Edição) nº 020,http://www.comix.com.br/product_info.php?products_id=30512
Panini,2017-11-01,13.50,"Quarta 01 Novembro, 2017",One Piece (Nova Edição) nº 072,http://www.comix.com.br/product_info.php?products_id=30511
Panini,2017-11-01,13.90,"Quarta 01 Novembro, 2017",Ore Monogatari nº 09,http://www.comix.com.br/product_info.php?products_id=30510
Panini,2017-10-27,8.50,"Sexta 27 Outubro, 2017",Chico Bento Moço nº 50,http://www.comix.com.br/product_info.php?products_id=30474
Mythos,2017-10-27,8.90,"Sexta 27 Outubro, 2017",Tex nº 569,http://www.comix.com.br/product_info.php?products_id=30472
Mythos,2017-10-27,9.90,"Sexta 27 Outubro, 2017",Tex Coleção nº 439,http://www.comix.com.br/product_info.php?products_id=30471
NewPOP Editora,2017-10-27,26.90,"Sexta 27 Outubro, 2017",Re:Zero –Livro 01,http://www.comix.com.br/product_info.php?products_id=30470
Mythos,2017-10-27,21.90,"Sexta 27 Outubro, 2017",Zagor nº 174,http://www.comix.com.br/product_info.php?products_id=30469
Panini,2017-10-27,25.90,"Sexta 27 Outubro, 2017",Monstro do Pântano: Raízes do Mal -Vol. 04,http://www.comix.com.br/product_info.php?products_id=30490
Mythos,2017-10-27,79.90,"Sexta 27 Outubro, 2017",Ragnarök: O Último Deus,http://www.comix.com.br/product_info.php?products_id=30468
Panini,2017-10-26,25.90,"Quinta 26 Outubro, 2017",Supergirl (Renascimento) nº 1 (Pré-Venda),http://www.comix.com.br/product_info.php?products_id=30467
Panini,2017-10-26,25.90,"Quinta 26 Outubro, 2017",Batgirl e as Aves de Rapina vol. 1 (Pré-Venda),http://www.comix.com.br/product_info.php?products_id=30466
Panini,2017-10-27,23.90,"Sexta 27 Outubro, 2017",Lua Do Lobo n°01,http://www.comix.com.br/product_info.php?products_id=30489
Panini,2017-10-27,18.20,"Sexta 27 Outubro, 2017",Avante Vingadores (NOVA SÉRIE) nº 11,http://www.comix.com.br/product_info.php?products_id=30488
Editora Todavia,2017-10-26,64.90,"Quinta 26 Outubro, 2017",Sem Dó,http://www.comix.com.br/product_info.php?products_id=30465
Editora Todavia,2017-10-26,54.90,"Quinta 26 Outubro, 2017",O Bulevar dos Sonhos Partidos,http://www.comix.com.br/product_info.php?products_id=30464
Independente,2017-10-26,20.00,"Quinta 26 Outubro, 2017",Pé de Palavra,http://www.comix.com.br/product_info.php?products_id=30463
Independente,2017-10-26,35.00,"Quinta 26 Outubro, 2017",Extremo Contos sobre o fim do mundo,http://www.comix.com.br/product_info.php?products_id=30462
Panini,2017-10-27,18.90,"Sexta 27 Outubro, 2017",A Agenda Secreta da Arlequina nº 2,http://www.comix.com.br/product_info.php?products_id=30487
Panini,2017-10-27,40.00,"Sexta 27 Outubro, 2017",A Morte do Capitão Marvel,http://www.comix.com.br/product_info.php?products_id=30486
Panini,2017-10-27,7.50,"Sexta 27 Outubro, 2017",Esquadrão Suicida (Renascimento) nº 05,http://www.comix.com.br/product_info.php?products_id=30485
Panini,2017-10-27,17.90,"Sexta 27 Outubro, 2017",Naruto Gold nº 28,http://www.comix.com.br/product_info.php?products_id=30484
Panini,2017-10-25,19.90,"Quarta 25 Outubro, 2017",Darth Vader: Sombras E Segredos,http://www.comix.com.br/product_info.php?products_id=30461
JBC,2017-10-27,22.50,"Sexta 27 Outubro, 2017",Fairy Tail Zero,http://www.comix.com.br/product_info.php?products_id=30483
Panini,2017-10-27,18.90,"Sexta 27 Outubro, 2017","Ajin: Demi-Human, Volume 8",http://www.comix.com.br/product_info.php?products_id=30482
Panini,2017-10-27,15.90,"Sexta 27 Outubro, 2017",Your Name nº 02,http://www.comix.com.br/product_info.php?products_id=30481
Panini,2017-10-27,13.90,"Sexta 27 Outubro, 2017",Ataque dos Titãs nº 22,http://www.comix.com.br/product_info.php?products_id=30480
Panini,2017-11-01,13.90,"Quarta 01 Novembro, 2017",One Week Friends Vol 05,http://www.comix.com.br/product_info.php?products_id=30509
Abril,2017-10-25,13.00,"Quarta 25 Outubro, 2017",Disney Big nº 44 FranknsPato,http://www.comix.com.br/product_info.php?products_id=30460
Abril,2017-10-25,59.90,"Quarta 25 Outubro, 2017",Disney Os Anos de Ouro do Mickey - Mickey Mouse contra o Mancha Negra,http://www.comix.com.br/product_info.php?products_id=30459
JBC,2017-10-27,14.90,"Sexta 27 Outubro, 2017",To Love-Ru nº 14,http://www.comix.com.br/product_info.php?products_id=30479
Panini,2017-10-27,13.90,"Sexta 27 Outubro, 2017",Arakawa Under The Bridge nº 09,http://www.comix.com.br/product_info.php?products_id=30477
Panini,2017-10-27,12.90,"Sexta 27 Outubro, 2017",The Testament of Sister New Devil nº 8,http://www.comix.com.br/product_info.php?products_id=30476
Panini,2017-10-27,8.50,"Sexta 27 Outubro, 2017",Turma da Mônica Jovem Ed. 10 (Série 2),http://www.comix.com.br/product_info.php?products_id=30475
Panini,2017-11-01,13.90,"Quarta 01 Novembro, 2017",Pokémon Yellow Vol.4,http://www.comix.com.br/product_info.php?products_id=30508
Panini,2017-11-01,13.90,"Quarta 01 Novembro, 2017",Nisekoi Vol. 5,http://www.comix.com.br/product_info.php?products_id=30507
Panini,2017-11-01,5.50,"Quarta 01 Novembro, 2017",Mônica nº 31 (Nova Edição),http://www.comix.com.br/product_info.php?products_id=30506
Panini,2017-11-01,5.50,"Quarta 01 Novembro, 2017",Cebolinha nº 31 (Nova Edição),http://www.comix.com.br/product_info.php?products_id=30505
Independente,2017-10-20,20.00,"Sexta 20 Outubro, 2017",Scar: Os Quatro Cavaleiros No Apocalipse Capa 01,http://www.comix.com.br/product_info.php?products_id=30411
Panini,2017-11-01,4.50,"Quarta 01 Novembro, 2017",Magali nº 31 (Nova Edição),http://www.comix.com.br/product_info.php?products_id=30504
Panini,2017-11-01,4.50,"Quarta 01 Novembro, 2017",Chico Bento nº 31 (Nova Edição),http://www.comix.com.br/product_info.php?products_id=30503
Jambo,2017-10-20,39.90,"Sexta 20 Outubro, 2017",Faith Vol. 1,http://www.comix.com.br/product_info.php?products_id=30410
Jambo,2017-10-20,25.00,"Sexta 20 Outubro, 2017",Quarenta Caixões,http://www.comix.com.br/product_info.php?products_id=30409
Jambo,2017-10-20,29.90,"Sexta 20 Outubro, 2017",Anima,http://www.comix.com.br/product_info.php?products_id=30408
Jambo,2017-10-20,19.90,"Sexta 20 Outubro, 2017",Mercenário$,http://www.comix.com.br/product_info.php?products_id=30407
Panini,2017-11-01,4.50,"Quarta 01 Novembro, 2017",Cascão nº 31 (Nova Edição),http://www.comix.com.br/product_info.php?products_id=30502
Panini,2017-11-01,7.50,"Quarta 01 Novembro, 2017",Arlequina (Renascimento) Nº 06,http://www.comix.com.br/product_info.php?products_id=30499
Mythos,2017-10-31,84.90,"Terça 31 Outubro, 2017",Elric - O Trono de Rubi,http://www.comix.com.br/product_info.php?products_id=30498
Omelete Group,2017-10-31,15.90,"Terça 31 Outubro, 2017",Revista Omelete Box n°02,http://www.comix.com.br/product_info.php?products_id=30497
Panini,2017-10-20,9.90,"Sexta 20 Outubro, 2017",Batman Grandes Astros:(Renascimento) nº 5,http://www.comix.com.br/product_info.php?products_id=30402
Panini,2017-10-20,7.50,"Sexta 20 Outubro, 2017",Jovens Titãs (Renascimento) nº 4,http://www.comix.com.br/product_info.php?products_id=30401
JBC,2017-10-31,39.90,"Terça 31 Outubro, 2017",Blade - A Lâmina do Imortal nº 11 (Nova Edição),http://www.comix.com.br/product_info.php?products_id=30496
Panini,2017-10-30,98.00,"Segunda 30 Outubro, 2017",Liga da Justiça (Novos 52) Guerra Da Trindade,http://www.comix.com.br/product_info.php?products_id=30495
Panini,2017-10-27,25.90,"Sexta 27 Outubro, 2017",Hellblazer–Origens Vol.04:Newcastle e a M do M - Ato II (N E),http://www.comix.com.br/product_info.php?products_id=30493
Panini,2017-10-27,19.90,"Sexta 27 Outubro, 2017",Flash (Renascimento) nº 2,http://www.comix.com.br/product_info.php?products_id=30492
Panini,2017-10-20,18.20,"Sexta 20 Outubro, 2017",Universo Marvel: Totalmente Diferente Nova Marvel Vol 12,http://www.comix.com.br/product_info.php?products_id=30400
Panini,2017-10-20,7.20,"Sexta 20 Outubro, 2017",Homem de Ferro nº 10 (Nova Revista Mensal),http://www.comix.com.br/product_info.php?products_id=30399
Panini,2017-10-20,13.90,"Sexta 20 Outubro, 2017",Seraph of the End Vol. 4,http://www.comix.com.br/product_info.php?products_id=30396
Mythos,2017-10-20,72.90,"Sexta 20 Outubro, 2017",Juiz Dredd - Dia do Caos: Fim de Jogo,http://www.comix.com.br/product_info.php?products_id=30395
Mythos,2017-10-20,69.90,"Sexta 20 Outubro, 2017",Mágico Vento Graphic Novel - Vol.1: Forte Ghost,http://www.comix.com.br/product_info.php?products_id=30394
Abril,2017-10-25,39.90,"Quarta 25 Outubro, 2017",Autorama. Manual Disney do Automóvel,http://www.comix.com.br/product_info.php?products_id=30458
Mythos,2017-10-20,29.90,"Sexta 20 Outubro, 2017","O Sombra Grandes Mestres : Andrew Helfer ,Bill Sienkiewicz (Capa Broc",http://www.comix.com.br/product_info.php?products_id=30393
Panini,2017-10-20,10.90,"Sexta 20 Outubro, 2017",Grande Almanaque da Turma da Mônica nº 22,http://www.comix.com.br/product_info.php?products_id=30392
Panini,2017-10-20,5.00,"Sexta 20 Outubro, 2017",Almanaque do Penadinho nº 22,http://www.comix.com.br/product_info.php?products_id=30391
Abril,2017-10-25,79.90,"Quarta 25 Outubro, 2017",Tio Patinhas e Pato Donald Vol 02. Biblioteca Don Rosa.Volta a Quadradópolis,http://www.comix.com.br/product_info.php?products_id=30457
Panini,2017-10-23,39.90,"Segunda 23 Outubro, 2017",Álbum de Figurinhas os Cavaleiros do Zodíaco (+ 10 Envelopes),http://www.comix.com.br/product_info.php?products_id=30428
Abril,2017-10-25,69.90,"Quarta 25 Outubro, 2017","Huguinho, Zezinho e Luisinho: Os 80 Anos dos Sobrinhos do Donald",http://www.comix.com.br/product_info.php?products_id=30456
Abril,2017-10-25,59.90,"Quarta 25 Outubro, 2017",Disney - As Grandes Aventuras de Mickey,http://www.comix.com.br/product_info.php?products_id=30455
Abril,2017-10-25,59.90,"Quarta 25 Outubro, 2017",Disney -Escoteiros Mirins,http://www.comix.com.br/product_info.php?products_id=30454
Abril,2017-10-25,59.90,"Quarta 25 Outubro, 2017",Disney -Maga & Min,http://www.comix.com.br/product_info.php?products_id=30453
Panini,2017-10-23,29.90,"Segunda 23 Outubro, 2017",Homem Aranha Superior:Mal Necessário,http://www.comix.com.br/product_info.php?products_id=30427
Parábola,2017-10-23,19.90,"Segunda 23 Outubro, 2017",Star Wars:Confronto Na Lua Dos Contrabandistas,http://www.comix.com.br/product_info.php?products_id=30426
Panini,2017-10-23,25.90,"Segunda 23 Outubro, 2017",Coleção Histórica Marvel - Torneio de Campeões nº 01,http://www.comix.com.br/product_info.php?products_id=30425
Panini,2017-10-21,25.90,"Sábado 21 Outubro, 2017",Coringa:Lendas do Universo DC Vol. 01,http://www.comix.com.br/product_info.php?products_id=30424
Pipoca & Nanquim,2017-10-20,59.90,"Sexta 20 Outubro, 2017",Conan O Bárbaro Livro 1 (Pré-Venda),http://www.comix.com.br/product_info.php?products_id=30390
Abril,2017-10-25,59.90,"Quarta 25 Outubro, 2017",Disney -Iniciativa Super-Herois,http://www.comix.com.br/product_info.php?products_id=30452
Abril,2017-10-25,49.90,"Quarta 25 Outubro, 2017",Disney -Um Brasileiro Chamado Zé Carioca,http://www.comix.com.br/product_info.php?products_id=30451
Panini,2017-10-21,19.90,"Sábado 21 Outubro, 2017",Demolidor nº 14 (Nova Edição),http://www.comix.com.br/product_info.php?products_id=30421
Panini,2017-10-21,18.20,"Sábado 21 Outubro, 2017",Homem Aranha: Aranhaverso nº 17,http://www.comix.com.br/product_info.php?products_id=30420
Panini,2017-10-21,19.90,"Sábado 21 Outubro, 2017",Luke Cage e Punho de Ferro nº 02,http://www.comix.com.br/product_info.php?products_id=30419
Martins Fontes,2017-10-20,44.90,"Sexta 20 Outubro, 2017",Rosa Vermelha,http://www.comix.com.br/product_info.php?products_id=30418
Devir,2017-10-20,49.00,"Sexta 20 Outubro, 2017",Creepy: Contos Clássicos de Terror - Vol. 01 (Brochura),http://www.comix.com.br/product_info.php?products_id=30417
Devir,2017-10-20,49.90,"Sexta 20 Outubro, 2017",The Boys - Volume 5: Herogasm,http://www.comix.com.br/product_info.php?products_id=30416
Panini,2017-10-20,18.20,"Sexta 20 Outubro, 2017",Universo Marvel: Totalmente Diferente Nova Marvel Vol 12 (Pré-Venda),http://www.comix.com.br/product_info.php?products_id=30388
Panini,2017-10-19,18.90,"Quinta 19 Outubro, 2017",Vagabond nº 21 (Nova Edição),http://www.comix.com.br/product_info.php?products_id=30386
Panini,2017-10-19,13.50,"Quinta 19 Outubro, 2017",One Piece (Nova Edição) nº 071,http://www.comix.com.br/product_info.php?products_id=30385
Panini,2017-10-19,13.90,"Quinta 19 Outubro, 2017",Your Lie in April nº 04,http://www.comix.com.br/product_info.php?products_id=30384
Panini,2017-10-19,13.90,"Quinta 19 Outubro, 2017",Turma da Mônica Jovem Vol.05 Primeira Série,http://www.comix.com.br/product_info.php?products_id=30383
SESI-SP Editora,2017-10-19,108.00,"Quinta 19 Outubro, 2017",Lucky Luke Volume 05 (Capa Dura),http://www.comix.com.br/product_info.php?products_id=30382
SESI-SP Editora,2017-10-19,88.00,"Quinta 19 Outubro, 2017",Lucky Luke Volume 05 (Capa Cartonada),http://www.comix.com.br/product_info.php?products_id=30381
Abril,2017-10-25,4.50,"Quarta 25 Outubro, 2017",Minnie nº 70,http://www.comix.com.br/product_info.php?products_id=30450
Abril,2017-10-25,4.50,"Quarta 25 Outubro, 2017",Pato Donald nº 2466,http://www.comix.com.br/product_info.php?products_id=30449
Abril,2017-10-25,6.50,"Quarta 25 Outubro, 2017",Tio Patinhas nº 625,http://www.comix.com.br/product_info.php?products_id=30448
Abril,2017-10-25,4.50,"Quarta 25 Outubro, 2017",Zé Carioca nº 2430,http://www.comix.com.br/product_info.php?products_id=30447
Abril,2017-10-25,4.50,"Quarta 25 Outubro, 2017",Pateta nº 65,http://www.comix.com.br/product_info.php?products_id=30446
Abril,2017-10-25,15.00,"Quarta 25 Outubro, 2017",Disney Especial os Astronautas nº 44,http://www.comix.com.br/product_info.php?products_id=30445
Leya Cult,2017-10-24,119.90,"Terça 24 Outubro, 2017","Mulher Maravilha – Amazona, heroína, ícone (Pré-Venda)",http://www.comix.com.br/product_info.php?products_id=30443
Jambo,2017-10-20,169.90,"Sexta 20 Outubro, 2017",Dragon Age RPG,http://www.comix.com.br/product_info.php?products_id=30415
Independente,2017-10-20,20.00,"Sexta 20 Outubro, 2017",Scar: Os Quatro Cavaleiros No Apocalipse Capa 04,http://www.comix.com.br/product_info.php?products_id=30414
Independente,2017-10-20,20.00,"Sexta 20 Outubro, 2017",Scar: Os Quatro Cavaleiros No Apocalipse Capa 03,http://www.comix.com.br/product_info.php?products_id=30413
Independente,2017-10-20,20.00,"Sexta 20 Outubro, 2017",Scar: Os Quatro Cavaleiros No Apocalipse Capa 02,http://www.comix.com.br/product_info.php?products_id=30412
Panini,2017-10-19,6.30,"Quinta 19 Outubro, 2017",Saiba Mais! nº 121- Sobre Dia Das Crianças,http://www.comix.com.br/product_info.php?products_id=30380
Panini,2017-10-19,4.50,"Quinta 19 Outubro, 2017",Mónica Y Sus Amigos nº 30,http://www.comix.com.br/product_info.php?products_id=30379
Panini,2017-10-19,4.50,"Quinta 19 Outubro, 2017",Monica and Friends nº 30,http://www.comix.com.br/product_info.php?products_id=30378
Panini,2017-10-19,4.50,"Quinta 19 Outubro, 2017",Turma da Mônica nº 30 (Nova Edição),http://www.comix.com.br/product_info.php?products_id=30377
SESI-SP Editora,2017-10-18,58.00,"Quarta 18 Outubro, 2017",Valerian 2,http://www.comix.com.br/product_info.php?products_id=30374
SESI-SP Editora,2017-10-18,35.00,"Quarta 18 Outubro, 2017",Valentine Vol. 03,http://www.comix.com.br/product_info.php?products_id=30373
SESI-SP Editora,2017-10-18,38.00,"Quarta 18 Outubro, 2017",Verões Felizes - 2 - A Calanque,http://www.comix.com.br/product_info.php?products_id=30372
